chain,extrinsic_hash,extrinsic_index,block_num,block_timestamp,date,datetime,module,call,full_call,sender,success,finalized,fee,error,simplified_status
polkadot,0xbe026952affa64c21a9fa9705e3894788062c2808fbedbeeb1370bff2ddfcd17,24533907-2,24533907,1738363812,2025-01-31,2025-01-31T23:50:12,xcmpallet,limited_reserve_transfer_assets,xcmpallet.limited_reserve_transfer_assets,16X6ZMJNTD7JYDHUC2Gs2DTGVk1egwi4sdmszU1DrvFT5yTk,True,True,169877892,,received
polkadot,0xbd217fc63e99a91ed01d16f5bcf77b66d06282f1ee5e82392664f24c18b3822e,24533849-3,24533849,1738363458,2025-01-31,2025-01-31T23:44:18,xcmpallet,transfer_assets_using_type_and_then,xcmpallet.transfer_assets_using_type_and_then,15g8TqXEu3RaK1kGUefytkoCKurY7fNsk7pMdFsyJjdx4XAU,True,True,176912800,,received
polkadot,0x672fb74db516ec5855465958b05ce8246d2075f497b1035dff0e53d917177e9c,24533837-2,24533837,1738363386,2025-01-31,2025-01-31T23:43:06,xcmpallet,limited_reserve_transfer_assets,xcmpallet.limited_reserve_transfer_assets,15apjPPwjLqsGw7uHyxmgE6ExhWWpfwpXE219zkW4DFPzhtD,True,True,182877892,,received
polkadot,0x6bbf30dc98c626ac8bc7f67afc59c0c907e2b9068ea12451a4d19742215ab139,24533829-4,24533829,1738363338,2025-01-31,2025-01-31T23:42:18,xcmpallet,transfer_assets_using_type_and_then,xcmpallet.transfer_assets_using_type_and_then,16FPT6goFsJGpxNTRdf7bnguHCoD1inWPCa8vJ1twTed8ej4,True,True,176912800,,received
polkadot,0x0c2fb0d1829766b8cb04e82c8438f2b1a14ada32980649e0311cf7dedcc472a0,24533755-2,24533755,1738362888,2025-01-31,2025-01-31T23:34:48,xcmpallet,limited_teleport_assets,xcmpallet.limited_teleport_assets,14QYrwn9eVYwRLMzLfoZ3MSw68rTvEYBjMBVCAHeQ1aTig2F,True,True,182896219,,received
polkadot,0x35d83a0d7a4ffe4430138895fe95e6505ff1b1418c44820bac7cdeb4f28ab667,24533721-2,24533721,1738362684,2025-01-31,2025-01-31T23:31:24,xcmpallet,limited_reserve_transfer_assets,xcmpallet.limited_reserve_transfer_assets,126D67hfbp4rqh9vRztAmFkPSq7qjyTSb6NX9hd1mBioNFnF,True,True,181877892,,received
polkadot,0x5a4699cad641c99067898a4ebd8c66a2e0386b6485abcf11167232362641b498,24533713-3,24533713,1738362636,2025-01-31,2025-01-31T23:30:36,xcmpallet,limited_reserve_transfer_assets,xcmpallet.limited_reserve_transfer_assets,16SxnRPuaqoYViNLLHe2TGBR58TzpWyoi1NcMPTWr5mRAzWg,True,True,181877892,,received
polkadot,0xf2040b7261674ef8c88f48712b1494207df1413f76d975e707636077406ca42f,24533644-3,24533644,1738362216,2025-01-31,2025-01-31T23:23:36,xcmpallet,limited_reserve_transfer_assets,xcmpallet.limited_reserve_transfer_assets,12TJwtEkf9CMA7V1z5SoBuF2XcwHQrxRQXtupL5LPVQh36Rc,True,True,182877892,,received
polkadot,0xc24cc400c2ab50a776d20baf530ebe497d48a73c13fb855e72307a9c50d6db44,24533512-3,24533512,1738361418,2025-01-31,2025-01-31T23:10:18,xcmpallet,limited_reserve_transfer_assets,xcmpallet.limited_reserve_transfer_assets,126D67hfbp4rqh9vRztAmFkPSq7qjyTSb6NX9hd1mBioNFnF,True,True,181877892,,received
polkadot,0x6e02a99c642385ec75aedb4e979df07552db40fdca45cead8e4324a852d845a9,24533164-2,24533164,1738359300,2025-01-31,2025-01-31T22:35:00,xcmpallet,limited_reserve_transfer_assets,xcmpallet.limited_reserve_transfer_assets,16X6ZMJNTD7JYDHUC2Gs2DTGVk1egwi4sdmszU1DrvFT5yTk,True,True,169877892,,received
polkadot,0x62c85e46cf3ed42bcdedc4f1c94f8bf71c5e49ebd4270f4dc041a300a0100600,24533161-3,24533161,1738359282,2025-01-31,2025-01-31T22:34:42,xcmpallet,limited_reserve_transfer_assets,xcmpallet.limited_reserve_transfer_assets,1bQeo5J86xRnHZHDK2LTs6uYcimniVYMrs642h3f3R8xKRN,True,True,181877892,,received
polkadot,0x8a2011be65f01193625dffcd11d88c0efcb13181707bd3482e20b93238832a2d,24533157-2,24533157,1738359258,2025-01-31,2025-01-31T22:34:18,xcmpallet,limited_reserve_transfer_assets,xcmpallet.limited_reserve_transfer_assets,13b6hRRYPHTxFzs9prvL2YGHQepvd4YhdDb9Tc7khySp3hMN,True,True,182877892,,received
polkadot,0xafbd8c256ffbf86f48ca9967bcdd2a91a04330bc1b539e675b590093c2416904,24533096-2,24533096,1738358892,2025-01-31,2025-01-31T22:28:12,xcmpallet,limited_reserve_transfer_assets,xcmpallet.limited_reserve_transfer_assets,13b6hRRYPHTxFzs9prvL2YGHQepvd4YhdDb9Tc7khySp3hMN,True,True,182877892,,received
polkadot,0x5302eadef3be974c0f3a7bad8a0053d853ce2607a1f5368cfd2e347d1364837e,24532895-2,24532895,1738357668,2025-01-31,2025-01-31T22:07:48,xcmpallet,limited_reserve_transfer_assets,xcmpallet.limited_reserve_transfer_assets,14e3tFbiKpgViCxKQBCeh8PHG5G9qnJYWWmpMXXUdDtWXv9p,True,True,182877892,,received
polkadot,0x909dbdf2007d04243e287354526d352335aba78b0f81cee5b3c146fc5a9b65f2,24532866-3,24532866,1738357488,2025-01-31,2025-01-31T22:04:48,xcmpallet,limited_reserve_transfer_assets,xcmpallet.limited_reserve_transfer_assets,133dH6oDaL1C6cTpBRdGMxAnSdWE95hLeqMZVvuGjHM9gJVu,True,True,181877892,,received
polkadot,0xc09ece09b59912ab44c88cb26e979c311498b8cfb135a3896b2302fcedc951d2,24532508-2,24532508,1738355328,2025-01-31,2025-01-31T21:28:48,xcmpallet,limited_reserve_transfer_assets,xcmpallet.limited_reserve_transfer_assets,14i9eotHwhh4us1wMDZVEojUS4GNGKR4Zoxrzn5QDgLUsxhW,True,True,182877892,,received
polkadot,0xdab12d1c360498c7a720c61b77e310fb281a76d00681d92d26eed37dffd2d451,24532463-3,24532463,1738355058,2025-01-31,2025-01-31T21:24:18,xcmpallet,limited_reserve_transfer_assets,xcmpallet.limited_reserve_transfer_assets,16X6ZMJNTD7JYDHUC2Gs2DTGVk1egwi4sdmszU1DrvFT5yTk,True,True,169877892,,received
polkadot,0xda2428f36a67df64b62e5c19926ca0995d465b6d499beef671134a846060ad7d,24532463-2,24532463,1738355058,2025-01-31,2025-01-31T21:24:18,xcmpallet,limited_reserve_transfer_assets,xcmpallet.limited_reserve_transfer_assets,13b6hRRYPHTxFzs9prvL2YGHQepvd4YhdDb9Tc7khySp3hMN,True,True,182877892,,received
polkadot,0x33cc4be19989401d1e6b16d879936bef4864160be53bb4c5d573da33b3470eed,24532460-2,24532460,1738355040,2025-01-31,2025-01-31T21:24:00,xcmpallet,limited_teleport_assets,xcmpallet.limited_teleport_assets,16MRsnWMXvBiHK8FUu9GMNBaVFbY9RpVcCWbviRjL1ogGWQ7,True,True,182896219,,received
polkadot,0x06a3bd3c3424d7613fd75dc138e294baa7747d9f5e66cea1917a8ab89008a30b,24532439-3,24532439,1738354914,2025-01-31,2025-01-31T21:21:54,xcmpallet,limited_teleport_assets,xcmpallet.limited_teleport_assets,16Pg3JuXaTzbCvD4x56kwRQcQhsn2YF7gBN6AhPVs4jAeUn4,True,True,181896219,,received
polkadot,0xa9eea74c2457801c175a8f3bcedd57d6c2a7d526479834122d797f89a38dc0c1,24532406-2,24532406,1738354710,2025-01-31,2025-01-31T21:18:30,xcmpallet,limited_reserve_transfer_assets,xcmpallet.limited_reserve_transfer_assets,1NWW37xSMv5SVfDA3YvMeSRrc8MJ1RgmiDTjNvcii2WNdfc,True,True,182877892,,received
polkadot,0x0f25616a43280f847c03fcba46bf511ae856448825c72e5785f20f0f72df8b36,24532370-2,24532370,1738354494,2025-01-31,2025-01-31T21:14:54,xcmpallet,limited_reserve_transfer_assets,xcmpallet.limited_reserve_transfer_assets,14i9eotHwhh4us1wMDZVEojUS4GNGKR4Zoxrzn5QDgLUsxhW,True,True,181877892,,received
polkadot,0xb887795b911c2bc459baea08b8ade80bad4070cd471da30a64f5244f8d53a236,24532366-2,24532366,1738354464,2025-01-31,2025-01-31T21:14:24,xcmpallet,limited_reserve_transfer_assets,xcmpallet.limited_reserve_transfer_assets,13b9d23v1Hke7pcVk8G4gh3TBckDtrwFZUnqPkHezq4praEY,True,True,182877892,,received
polkadot,0x329598e7653bd6b10322d837a856203c4e457d5509be376443c548733986b999,24532245-2,24532245,1738353732,2025-01-31,2025-01-31T21:02:12,xcmpallet,limited_reserve_transfer_assets,xcmpallet.limited_reserve_transfer_assets,13b6hRRYPHTxFzs9prvL2YGHQepvd4YhdDb9Tc7khySp3hMN,True,True,182877892,,received
polkadot,0xc0a36ae53161adcc17c083fef3622f0fa71e27994b88cf371a75c2e3804d8bce,24532229-2,24532229,1738353630,2025-01-31,2025-01-31T21:00:30,xcmpallet,limited_reserve_transfer_assets,xcmpallet.limited_reserve_transfer_assets,13zGzFdxkfYzYZVBoKEtnbGWkqJNHBCm4SvkVLLB7qbEXfqc,True,True,169877892,,received
polkadot,0xb7f3176532d1b48a25aef113e7f74087afd7406de18e91219337ff642b79ab11,24532222-3,24532222,1738353588,2025-01-31,2025-01-31T20:59:48,xcmpallet,limited_reserve_transfer_assets,xcmpallet.limited_reserve_transfer_assets,13b9d23v1Hke7pcVk8G4gh3TBckDtrwFZUnqPkHezq4praEY,True,True,182877892,,received
polkadot,0x89803b32b97d5b815b0b7bbc751690a537bfb00686f30cbd3cc951c7f97fc74a,24532206-2,24532206,1738353492,2025-01-31,2025-01-31T20:58:12,xcmpallet,limited_reserve_transfer_assets,xcmpallet.limited_reserve_transfer_assets,15zeSFGnZWHbENpxLUBjtp9GQoiP18cUdB6pkbfZrs639nJA,True,True,181877892,,received
polkadot,0x7906f8119bec5b805639c009818f1bcdc7108b0abb8a64de98a1eed63bcbc299,24532135-2,24532135,1738353066,2025-01-31,2025-01-31T20:51:06,xcmpallet,limited_reserve_transfer_assets,xcmpallet.limited_reserve_transfer_assets,14G8kYJ3afMjpnKe6r7AxG6xa3x6CjQzfqRsiqmm9Vt8vZL1,True,True,181877892,,received
polkadot,0xa503d6a7ceede94600d1978b24ce3f70a39095439b18175cc20a0bc555e7ec20,24532130-3,24532130,1738353036,2025-01-31,2025-01-31T20:50:36,xcmpallet,limited_reserve_transfer_assets,xcmpallet.limited_reserve_transfer_assets,15PYhYgTEZn2nwFwNHCCtrjeYKu1Krc6wwmm6JYaKHpVghxc,True,True,181877892,,received
polkadot,0x048c43b73e967e169ad0bd4ff2e5a75cc1acf0a3401229fbbca570cde9a32fbd,24532110-2,24532110,1738352916,2025-01-31,2025-01-31T20:48:36,xcmpallet,limited_reserve_transfer_assets,xcmpallet.limited_reserve_transfer_assets,1EY9AFSKJiwMF9MypCdy7KpAijn5fBNginojEsiFsL8iMHT,True,True,182877892,,received
polkadot,0xee4b937530d45f969699fedb760e2ff339a86d99dbdc6e5ce995746c6896629a,24532041-2,24532041,1738352502,2025-01-31,2025-01-31T20:41:42,xcmpallet,limited_teleport_assets,xcmpallet.limited_teleport_assets,16Pg3JuXaTzbCvD4x56kwRQcQhsn2YF7gBN6AhPVs4jAeUn4,True,True,181896219,,received
polkadot,0xaa28426850aa68e22d877737270b02eb060d954be52a020b4d6f995b2ecfb72f,24532002-4,24532002,1738352268,2025-01-31,2025-01-31T20:37:48,xcmpallet,limited_reserve_transfer_assets,xcmpallet.limited_reserve_transfer_assets,15zeSFGnZWHbENpxLUBjtp9GQoiP18cUdB6pkbfZrs639nJA,True,True,180877892,,received
polkadot,0x1b9d4d2812b9093e2e1f5d023daeeb6b4fa6e47efd5448494820c75dc92359ee,24531988-4,24531988,1738352184,2025-01-31,2025-01-31T20:36:24,xcmpallet,limited_reserve_transfer_assets,xcmpallet.limited_reserve_transfer_assets,16A3x15nG2eJcG7yk4wsYPpeb7nWxH6vbDCr39BhZyLP6zQq,True,True,182877892,,received
polkadot,0xcae3aa2c48627d61d3bb6f38d4d007b47a2170c9c8b05de5b4109e5218d2d05c,24531973-3,24531973,1738352094,2025-01-31,2025-01-31T20:34:54,xcmpallet,limited_reserve_transfer_assets,xcmpallet.limited_reserve_transfer_assets,12ugycs2TJ8vH7fQmRbZ4M4LDnCDnGHBBXnzN6xvELm8xkNP,True,True,181877892,,received
polkadot,0x64df1439a1a5e5ddf46e0b76056d73ae41293923cead202508f6e98d5fd6b328,24531901-2,24531901,1738351638,2025-01-31,2025-01-31T20:27:18,xcmpallet,limited_reserve_transfer_assets,xcmpallet.limited_reserve_transfer_assets,15XyBXU6cxrxamEtRAJjtgMvEimctqp27ch9HJFFbzVgTwQj,True,True,181877892,,received
polkadot,0x7a4f55d641b1e9ba041f316ce2cefe22a712668e95f91ed11dd9607e51f39c72,24531881-2,24531881,1738351506,2025-01-31,2025-01-31T20:25:06,xcmpallet,limited_reserve_transfer_assets,xcmpallet.limited_reserve_transfer_assets,15XyBXU6cxrxamEtRAJjtgMvEimctqp27ch9HJFFbzVgTwQj,True,True,181877892,,received
polkadot,0x074e7e9c306113f0d703a3809a089d285c30a4d0f1a2206ab0f36178a62503a5,24531830-2,24531830,1738351200,2025-01-31,2025-01-31T20:20:00,xcmpallet,limited_reserve_transfer_assets,xcmpallet.limited_reserve_transfer_assets,129bUvTdBysZPmxYm2K6RattDff8yUy6EFTtQb2QaGunbsAv,True,True,182877892,,received
polkadot,0xc68e5609c1672bbbd064e35e611d2b1a5e73bb724f3cb349488c2654a1f30145,24531820-2,24531820,1738351140,2025-01-31,2025-01-31T20:19:00,xcmpallet,limited_reserve_transfer_assets,xcmpallet.limited_reserve_transfer_assets,12CEZiPQ4XRNFRygLp565VNgVZCWG31wsvFmqNiaoJq6yN6w,True,True,182877892,,received
polkadot,0xaef275c019f9427512e1de47f76a5f7799f9af8eb7a8f2174858db53c9b7e790,24531647-2,24531647,1738350102,2025-01-31,2025-01-31T20:01:42,xcmpallet,limited_reserve_transfer_assets,xcmpallet.limited_reserve_transfer_assets,13EhijtNwGkNSHv9ejjVogzHvBPhdLr8gqYD2v8Pyacbryou,True,True,181877892,,received
polkadot,0x85f0821e201e770ec898412fef74ab80da6abfb4af145647ffff0023352d313b,24531425-2,24531425,1738348758,2025-01-31,2025-01-31T19:39:18,xcmpallet,limited_reserve_transfer_assets,xcmpallet.limited_reserve_transfer_assets,1NWW37xSMv5SVfDA3YvMeSRrc8MJ1RgmiDTjNvcii2WNdfc,True,True,182877892,,received
polkadot,0xd2fc84d82e3cb99b00c1d79547d45602115314930e72a8ffcd4853ec1dff2dd1,24531414-3,24531414,1738348692,2025-01-31,2025-01-31T19:38:12,xcmpallet,limited_reserve_transfer_assets,xcmpallet.limited_reserve_transfer_assets,13b6hRRYPHTxFzs9prvL2YGHQepvd4YhdDb9Tc7khySp3hMN,True,True,182877892,,received
polkadot,0xc00ba67a5cbf2db7a07cfacc7406abea0cf176cd8b91fea6c9aaadb356b3fcba,24531394-2,24531394,1738348572,2025-01-31,2025-01-31T19:36:12,xcmpallet,limited_reserve_transfer_assets,xcmpallet.limited_reserve_transfer_assets,14wrcC33qzZaBYTVc64HGNA7sZobpo6Wu9QZhPXaJzqjbawa,True,True,171877892,,received
polkadot,0xaf1c230a4aae1d63f2d19792f0845aca1eccba697cf61cce19b7891c4ed551f4,24531374-3,24531374,1738348452,2025-01-31,2025-01-31T19:34:12,xcmpallet,limited_reserve_transfer_assets,xcmpallet.limited_reserve_transfer_assets,13b6hRRYPHTxFzs9prvL2YGHQepvd4YhdDb9Tc7khySp3hMN,True,True,182877892,,received
polkadot,0x07f4ac720433e76610f1b42c5a7339d9bfcc89671b64868333d4c28e4cf2cd5f,24531358-2,24531358,1738348356,2025-01-31,2025-01-31T19:32:36,xcmpallet,limited_reserve_transfer_assets,xcmpallet.limited_reserve_transfer_assets,13TUPn4pssD2EDCURRE7sC79upKt6qCoggfHQ583fxD8xwFW,True,True,181877892,,received
polkadot,0xaa1d95f738039e191aafcfe39908da26b322cf977518e72fe33329f7d3aeec77,24531328-2,24531328,1738348176,2025-01-31,2025-01-31T19:29:36,xcmpallet,limited_reserve_transfer_assets,xcmpallet.limited_reserve_transfer_assets,12BbtRuNF4xvuaUp2f17FYyxzrzLANTrsQ8w1bQX9bxtUTfF,True,True,181877892,,received
polkadot,0x84184030a91b01222ba3895b0a25d4b4fca3a78a0b005db621cbe93de133a089,24531262-3,24531262,1738347774,2025-01-31,2025-01-31T19:22:54,xcmpallet,limited_reserve_transfer_assets,xcmpallet.limited_reserve_transfer_assets,14cuCSB8Jndp6veVWcP9bNpVbm1hugvyk9PnVU9RT121U7ai,True,True,181877892,,received
polkadot,0x4a3cf0d87c6214c85e4c69afb6a21224a27446a621bfef4f1dcf4349bcb5c039,24531259-3,24531259,1738347756,2025-01-31,2025-01-31T19:22:36,xcmpallet,limited_reserve_transfer_assets,xcmpallet.limited_reserve_transfer_assets,16AckbjFrMxuJvmSPcx6UGatr11NUU6Zvb8RP4evMfEtL4Up,True,True,181877892,,received
polkadot,0xf7381829e0b7d793ca48ea82fc33dee9b3d6b3ac0a1e363d858b0847dc281462,24531203-2,24531203,1738347420,2025-01-31,2025-01-31T19:17:00,xcmpallet,limited_reserve_transfer_assets,xcmpallet.limited_reserve_transfer_assets,136nX6Trh3vRYgEWRKfaGsGbESZnwLuYzpXWeonufJVvpaMh,True,True,182877892,,received
polkadot,0x5e42eb8a34b97abb506272b84bf05019259ba1a01464dfb162bf28422ed2aefc,24531095-5,24531095,1738346766,2025-01-31,2025-01-31T19:06:06,xcmpallet,limited_reserve_transfer_assets,xcmpallet.limited_reserve_transfer_assets,15cZmjRiNUoJfDwt7fjFxoJMFsoALXXrzgfDUtGgQatnH8yk,True,True,182877892,,received
polkadot,0x9d1b06f455b67d62f7cdb119850d7d67ca25843fc4d57ed396f6571fdd0eb9e6,24531083-2,24531083,1738346694,2025-01-31,2025-01-31T19:04:54,xcmpallet,limited_reserve_transfer_assets,xcmpallet.limited_reserve_transfer_assets,16X6ZMJNTD7JYDHUC2Gs2DTGVk1egwi4sdmszU1DrvFT5yTk,True,True,169877892,,received
polkadot,0xaf2f890c4d4b02d40226e36af4d0c9a00f03a1b0c5c547cc8bb2e08a4522a2ca,24530928-3,24530928,1738345758,2025-01-31,2025-01-31T18:49:18,xcmpallet,limited_reserve_transfer_assets,xcmpallet.limited_reserve_transfer_assets,176hzaWpzak4D14CH6Ap3RmRDAgxerD2xSgf8XxXJc6nPAh,True,True,181877892,,received
polkadot,0x5abc51bd8af605a21c8a00b6ce74c6bc5ccd5b79a1fc6c273a8bf470595a0b95,24530859-4,24530859,1738345326,2025-01-31,2025-01-31T18:42:06,xcmpallet,limited_reserve_transfer_assets,xcmpallet.limited_reserve_transfer_assets,133dH6oDaL1C6cTpBRdGMxAnSdWE95hLeqMZVvuGjHM9gJVu,True,True,181877892,,received
polkadot,0x7c1017cdf49d54e89455b087577693ba27d0a93a9f035206d22cf8725bb7f997,24530790-3,24530790,1738344912,2025-01-31,2025-01-31T18:35:12,xcmpallet,limited_reserve_transfer_assets,xcmpallet.limited_reserve_transfer_assets,1gUQFTbCDwyyM7JVayEUQd2Q4nRR57nJE6uyMNHw83yCW3L,True,True,182877892,,received
polkadot,0xef238d31c5a028248fafe2753bc53f51d8497f3620babb99d7ce14dbec45f0e0,24530755-3,24530755,1738344702,2025-01-31,2025-01-31T18:31:42,xcmpallet,limited_reserve_transfer_assets,xcmpallet.limited_reserve_transfer_assets,13W3DsNGtSSwupm37PedRnHsGCwtgh9AKzuwVZznaqLkHntL,True,True,181877892,,received
polkadot,0x1dc982b55ae044b8688fdf3a137c377ffd2def3bf7aea1b03c7246e5b0fedee1,24530679-3,24530679,1738344240,2025-01-31,2025-01-31T18:24:00,xcmpallet,limited_reserve_transfer_assets,xcmpallet.limited_reserve_transfer_assets,14zrHSpLascw3Xfk4Td1tE5DjUweonvNtqHgtyVDZSed43Bm,True,True,180877892,,received
polkadot,0x2b9649c8d28c3c7ec12e32fc8b8929b5ed77faec6d90f4bc64c098354d687b0d,24530650-2,24530650,1738344066,2025-01-31,2025-01-31T18:21:06,xcmpallet,limited_reserve_transfer_assets,xcmpallet.limited_reserve_transfer_assets,14zrHSpLascw3Xfk4Td1tE5DjUweonvNtqHgtyVDZSed43Bm,True,True,180877892,,received
polkadot,0xd2db07df8295a8abf823b9eef96d1f983b2a7eab124180c4be9f6ab048ea4f1e,24530633-3,24530633,1738343964,2025-01-31,2025-01-31T18:19:24,xcmpallet,limited_reserve_transfer_assets,xcmpallet.limited_reserve_transfer_assets,1NWW37xSMv5SVfDA3YvMeSRrc8MJ1RgmiDTjNvcii2WNdfc,True,True,182877892,,received
polkadot,0x72fb8510b2df0dc8b0f3731d35013e886e13fe6ee716882b9697645a317f9ed3,24530584-2,24530584,1738343670,2025-01-31,2025-01-31T18:14:30,xcmpallet,limited_reserve_transfer_assets,xcmpallet.limited_reserve_transfer_assets,13TgJqe4UEBKeLxiHHNR3xPd5hya5mKjx338jcXm2srcN8xL,True,True,181877892,,received
polkadot,0x240f6dc1ceb4c9bac8d37318c255a5166727cfb060d82589a0f817091ed36327,24530558-2,24530558,1738343514,2025-01-31,2025-01-31T18:11:54,xcmpallet,limited_reserve_transfer_assets,xcmpallet.limited_reserve_transfer_assets,13TgJqe4UEBKeLxiHHNR3xPd5hya5mKjx338jcXm2srcN8xL,True,True,181877892,,received
polkadot,0x4dbfa0d3ea66bb6da361543df68c6d6bffd6619f973ace1bd6c8d6f5c48c8f57,24530545-2,24530545,1738343436,2025-01-31,2025-01-31T18:10:36,xcmpallet,limited_reserve_transfer_assets,xcmpallet.limited_reserve_transfer_assets,16dUb2SzdDADYeLBWqW8NjazSbNyqhMTGKpc853k4ff5wbx3,True,True,181877892,,received
polkadot,0xe45fc97fcb61136734fbf0d823b7aa6c64c245d6c8afea2ab7d2bf43436ec3bf,24530501-3,24530501,1738343172,2025-01-31,2025-01-31T18:06:12,xcmpallet,limited_reserve_transfer_assets,xcmpallet.limited_reserve_transfer_assets,13b6hRRYPHTxFzs9prvL2YGHQepvd4YhdDb9Tc7khySp3hMN,True,True,182877892,,received
polkadot,0x731e0e9cfd94afdd9d259d62e906a0c0e8df8deea5d467885facd4e7065a4573,24530484-2,24530484,1738343070,2025-01-31,2025-01-31T18:04:30,xcmpallet,limited_reserve_transfer_assets,xcmpallet.limited_reserve_transfer_assets,14mnBmkp8Latxb1xY5Rc5qstMPAPCVg42HSSidZypXAJqytU,True,True,182877892,,received
polkadot,0xbdbf519eec60b3a42972b1d5f92bd0d1477a2003004039962dd35c4fc4c1d0fd,24530462-3,24530462,1738342938,2025-01-31,2025-01-31T18:02:18,xcmpallet,limited_reserve_transfer_assets,xcmpallet.limited_reserve_transfer_assets,13b6hRRYPHTxFzs9prvL2YGHQepvd4YhdDb9Tc7khySp3hMN,True,True,182877892,,received
polkadot,0x8a74ac1a1c9b4ddf999a4f5b4c8a100a8bfbf365e2230efbfebfc4a759c7d3b1,24530324-2,24530324,1738342110,2025-01-31,2025-01-31T17:48:30,xcmpallet,limited_reserve_transfer_assets,xcmpallet.limited_reserve_transfer_assets,14ibbsKcPYPAMHXNZpegXxdnzaAzpYB1ptJULBRE65TZXzgM,True,True,182877892,,received
polkadot,0xdb74050e8ca4a4762b93db02dd47b881b5cebbf9a411bb6b25376868682ff078,24530323-2,24530323,1738342104,2025-01-31,2025-01-31T17:48:24,xcmpallet,limited_reserve_transfer_assets,xcmpallet.limited_reserve_transfer_assets,13mKbXnHHV32KdpUYotA1m9U5SptdSdbftyJ8pprnqu8NdU2,True,True,181877892,,received
polkadot,0xb4fd067036d3f347b72b682763c668f77b73858e51a39f1adb4786b1b8e02cd5,24530261-2,24530261,1738341732,2025-01-31,2025-01-31T17:42:12,xcmpallet,limited_teleport_assets,xcmpallet.limited_teleport_assets,1BygNiKxzMNNFEuGwwAAHmyasFXgP1WY3tA3uuVfsbNi4FM,True,True,180896219,,received
polkadot,0x873bfb772ade641001ecbdb490a7b0a18b87d2f384d2aaf4e92de326bb80d93f,24530244-2,24530244,1738341624,2025-01-31,2025-01-31T17:40:24,xcmpallet,limited_teleport_assets,xcmpallet.limited_teleport_assets,1626XaNgnUCxwdy8faftj7yUfRhSxuaUGAf5beP8BQqj2XCA,True,True,181896219,,received
polkadot,0x387920eb0dcb35604351ef1228ec24a740d3a275a152c44f5b60a821e66c46dd,24530229-2,24530229,1738341534,2025-01-31,2025-01-31T17:38:54,xcmpallet,reserve_transfer_assets,xcmpallet.reserve_transfer_assets,15SBv9rWdthEiMcUehLHTu2GqM8qgeNc8JVai9E8JThcPZ85,True,True,180877892,,received
polkadot,0xb20e4eb4d01a88ee467935fa9e0703d1b3b5b3535ffaf66fb52748f709434056,24530140-3,24530140,1738340988,2025-01-31,2025-01-31T17:29:48,xcmpallet,limited_teleport_assets,xcmpallet.limited_teleport_assets,1626XaNgnUCxwdy8faftj7yUfRhSxuaUGAf5beP8BQqj2XCA,True,True,181896219,,received
polkadot,0x2451065b3b3d4db6abd2dc7bd6bca33604ef115a566dae8cc3fb556cc1e432cc,24530132-3,24530132,1738340940,2025-01-31,2025-01-31T17:29:00,xcmpallet,limited_reserve_transfer_assets,xcmpallet.limited_reserve_transfer_assets,12geq4gLJHgbBNqgGX6LCMGnNLLVF2Gap918SUjbfRSTjzeC,True,True,181877892,,received
polkadot,0x5bcc968b78fbbdf52b001770e2269fe6ece92d830e3cff1745332f8c98444097,24530078-3,24530078,1738340616,2025-01-31,2025-01-31T17:23:36,xcmpallet,limited_reserve_transfer_assets,xcmpallet.limited_reserve_transfer_assets,19qVRQYS9cDsLR66gRn1sDrS9HdjKHJLZzp6Vfn9H4REt6T,True,True,181877892,,received
polkadot,0xc8b4def74c145e909e48f0a8767290200c4190fc4b1009360b22c9e60bd8d03b,24530066-4,24530066,1738340544,2025-01-31,2025-01-31T17:22:24,xcmpallet,limited_teleport_assets,xcmpallet.limited_teleport_assets,13gac225owhntvddp28PRQFK9BK6EdBy8JE1P5Auo1Cb1xCj,True,True,181896219,,received
polkadot,0x4d6557aff2e0b3d552b217e02daf03c73550b04a78d7c263ea20771235bd2178,24530025-3,24530025,1738340298,2025-01-31,2025-01-31T17:18:18,xcmpallet,limited_reserve_transfer_assets,xcmpallet.limited_reserve_transfer_assets,12YpxYMyA19CYStBPpQte8qJwAWPAZ7Q1es7gSmwKDsFWTLX,True,True,192877892,,received
polkadot,0xe22ac973dd0e9b5342304a3a954d3e6a89926d6d02be7af3572f761d683ef281,24530023-4,24530023,1738340286,2025-01-31,2025-01-31T17:18:06,xcmpallet,limited_reserve_transfer_assets,xcmpallet.limited_reserve_transfer_assets,12YpxYMyA19CYStBPpQte8qJwAWPAZ7Q1es7gSmwKDsFWTLX,True,True,192877892,,received
polkadot,0xbc2a1bf1d061932a37204f4f27a559fb9100f1fcddc8efea2c53a354ee6dd868,24530021-4,24530021,1738340274,2025-01-31,2025-01-31T17:17:54,xcmpallet,limited_reserve_transfer_assets,xcmpallet.limited_reserve_transfer_assets,12YpxYMyA19CYStBPpQte8qJwAWPAZ7Q1es7gSmwKDsFWTLX,True,True,192877892,,received
polkadot,0xd787a44e0be70d0f56369afeb6eaed75fa6adab5dc2226b69fe9d062317ba0d5,24529887-2,24529887,1738339470,2025-01-31,2025-01-31T17:04:30,xcmpallet,limited_reserve_transfer_assets,xcmpallet.limited_reserve_transfer_assets,126TsE8Dpb5w78EJYnfWeH3cetAuTnrPUEVcuSXc3DSQJKzy,True,True,182877892,,received
polkadot,0x34f12ed604995589057b917f25af231a4c5258eacfad246ec2c23b208debaf66,24529815-3,24529815,1738339032,2025-01-31,2025-01-31T16:57:12,xcmpallet,limited_reserve_transfer_assets,xcmpallet.limited_reserve_transfer_assets,15fqmWpKb8jV2aRAQ2jquFbEqgSQLrSEL9hKwmfAZ6RmLVfF,True,True,182877892,,received
polkadot,0x234d14f49c4681bb5aa083bea8dd9ad77e80cf9f7382f16a4fc9eeb711404ff8,24529809-5,24529809,1738338996,2025-01-31,2025-01-31T16:56:36,xcmpallet,limited_reserve_transfer_assets,xcmpallet.limited_reserve_transfer_assets,13jUgGxk6iAmzWFMd3DihFTfDuNPAKhbQw1DNPtQN35JqZ5o,True,True,181877892,,received
polkadot,0x3d26b5d28307d8875be7148a954af0b4d9d42a9490d1bfa15e3fd7dfdee27667,24529711-2,24529711,1738338402,2025-01-31,2025-01-31T16:46:42,xcmpallet,limited_reserve_transfer_assets,xcmpallet.limited_reserve_transfer_assets,1EY9AFSKJiwMF9MypCdy7KpAijn5fBNginojEsiFsL8iMHT,True,True,182877892,,received
polkadot,0x359c4ce6dadacc97fb6e31af24de1448a76eec759b983318788d1d45f3439095,24529699-2,24529699,1738338330,2025-01-31,2025-01-31T16:45:30,xcmpallet,limited_reserve_transfer_assets,xcmpallet.limited_reserve_transfer_assets,14uVgVZNConZnJCVafEzHHUcB4EtyL92AmAait29qNU2HQHG,True,True,180877892,,received
polkadot,0x51c290864ebb0eb472cd7b468b5a81e5255abaf762a5b59fa26bbea50c580197,24529654-3,24529654,1738338060,2025-01-31,2025-01-31T16:41:00,xcmpallet,limited_reserve_transfer_assets,xcmpallet.limited_reserve_transfer_assets,12rxHoBBgy1ccBKTkF4LWjcx3wjgBf5s5T16mGwY72RFcTuX,True,True,181877892,,received
polkadot,0x740ad4b8a0a419e2bf5b29492f4650b2e11e12e77df8268414efc3b95d0ffad9,24529487-2,24529487,1738337040,2025-01-31,2025-01-31T16:24:00,xcmpallet,limited_reserve_transfer_assets,xcmpallet.limited_reserve_transfer_assets,1NUuRnRKayAxnswLiFFzdM1rzqyLGLEZ1Fr9ugecfV4hzyD,True,True,182877892,,received
polkadot,0xb3b971d391d6b2c1ab0e63703254f5b86aeaf8cf8c6a4534e62b2fffe1b84062,24529421-2,24529421,1738336638,2025-01-31,2025-01-31T16:17:18,xcmpallet,limited_reserve_transfer_assets,xcmpallet.limited_reserve_transfer_assets,12R2tjzb2ih8Ux6HajB185pnr7RbzH3JPsCUXQcZpvcW8uuA,True,True,183877892,,received
polkadot,0x7ca06f941da1170cd62232675837a0e0e57830b61b2b3ee5fda8b0bb7c4832d3,24529410-4,24529410,1738336572,2025-01-31,2025-01-31T16:16:12,xcmpallet,reserve_transfer_assets,xcmpallet.reserve_transfer_assets,12owmS8Sobqxfx6KK9vk9e67FqnGpZdmxCFCRFptzZdsoujC,True,True,182877892,,received
polkadot,0x38bedeac5bf166e964ae3ff3775c094b8c50fb1c567d3ef44eb6a9e4c8fd26b7,24529408-2,24529408,1738336560,2025-01-31,2025-01-31T16:16:00,xcmpallet,limited_reserve_transfer_assets,xcmpallet.limited_reserve_transfer_assets,13Yk4Umkxmz6KjCGi7N3KQ5Ldcapy9wDqrGFdXHaj8PaHQvE,True,True,181877892,,received
polkadot,0xeb09aa83ea199ab6e2ad9a5d89b963802f91d3ad85917e6f532a70292551b0de,24529362-2,24529362,1738336278,2025-01-31,2025-01-31T16:11:18,xcmpallet,limited_reserve_transfer_assets,xcmpallet.limited_reserve_transfer_assets,15kx73p6BrW17YtBMzeZ6CceWPcEDidbQRAfRUF3Qw5Sv4QA,True,True,183877892,,received
polkadot,0x39b33a62a135941edbe7dfe84a706527489d808134ca45a4e10096d49aa57e60,24529160-2,24529160,1738335060,2025-01-31,2025-01-31T15:51:00,xcmpallet,reserve_transfer_assets,xcmpallet.reserve_transfer_assets,12owmS8Sobqxfx6KK9vk9e67FqnGpZdmxCFCRFptzZdsoujC,True,True,182877892,,received
polkadot,0x1da3926156a8aea9f0714a9e1813250ebb21193103b82d1bdb731d7a7bce1aae,24529134-3,24529134,1738334904,2025-01-31,2025-01-31T15:48:24,xcmpallet,limited_reserve_transfer_assets,xcmpallet.limited_reserve_transfer_assets,12YpxYMyA19CYStBPpQte8qJwAWPAZ7Q1es7gSmwKDsFWTLX,True,True,192877892,,received
polkadot,0x8d97e5c934183e17958393c6fd23cee7d4873a3ba10bbe8f2504d4c882719842,24529131-4,24529131,1738334886,2025-01-31,2025-01-31T15:48:06,xcmpallet,limited_reserve_transfer_assets,xcmpallet.limited_reserve_transfer_assets,12YpxYMyA19CYStBPpQte8qJwAWPAZ7Q1es7gSmwKDsFWTLX,True,True,192877892,,received
polkadot,0x09e84fb462848f7be1beebfd1df6e4fbb25d4ebb08a0798a992427925ee6e1eb,24529129-4,24529129,1738334874,2025-01-31,2025-01-31T15:47:54,xcmpallet,limited_reserve_transfer_assets,xcmpallet.limited_reserve_transfer_assets,12YpxYMyA19CYStBPpQte8qJwAWPAZ7Q1es7gSmwKDsFWTLX,True,True,192877892,,received
polkadot,0x3cf9f7a878594c4899f8a43e3b83396830077fff40ee17fa47c892c69e90f730,24529120-2,24529120,1738334820,2025-01-31,2025-01-31T15:47:00,xcmpallet,reserve_transfer_assets,xcmpallet.reserve_transfer_assets,12owmS8Sobqxfx6KK9vk9e67FqnGpZdmxCFCRFptzZdsoujC,True,True,182877892,,received
polkadot,0x45f76176ddd9ebc4dcc070ffc446356849eee151463cdaa18c4f691623c4c752,24529042-3,24529042,1738334346,2025-01-31,2025-01-31T15:39:06,xcmpallet,limited_teleport_assets,xcmpallet.limited_teleport_assets,13paVQmCrgCZrTsr396ybacpi2bkbz7eYh7fMc7edSQftqbN,True,True,181896219,,received
polkadot,0xacd3a65ff753acb4e3d0bb587d41f7414d612d712ad12645bd92fb39ed41cfe4,24529034-3,24529034,1738334298,2025-01-31,2025-01-31T15:38:18,xcmpallet,limited_reserve_transfer_assets,xcmpallet.limited_reserve_transfer_assets,13b6hRRYPHTxFzs9prvL2YGHQepvd4YhdDb9Tc7khySp3hMN,True,True,182877892,,received
polkadot,0x1649969ea9d47f30e98aa489b12cad7b387b2b8385d408d794c39638bb378312,24529005-2,24529005,1738334124,2025-01-31,2025-01-31T15:35:24,xcmpallet,limited_reserve_transfer_assets,xcmpallet.limited_reserve_transfer_assets,13ky7GQ9rAq6YStRzsABk42Rm1GPiF4XWzaFdknnuwsGetnn,True,True,181877892,,received
polkadot,0xa5cf32286a2378e3c94d2b2e71c567f6bb6f7c6a4e8520be88f144faa568a4dd,24528959-2,24528959,1738333848,2025-01-31,2025-01-31T15:30:48,xcmpallet,limited_reserve_transfer_assets,xcmpallet.limited_reserve_transfer_assets,14adLXFp3zEhH3WTNJzE5L3Mj8vdwjPtdJ6TcZD2WhsugSyW,True,True,180877892,,received
polkadot,0x4094a53a98639a7c750f6bdce3fd74736b60dbda1c8a17bb408ba7405ecd8958,24528837-2,24528837,1738333116,2025-01-31,2025-01-31T15:18:36,xcmpallet,reserve_transfer_assets,xcmpallet.reserve_transfer_assets,15Zypa3TrzHyynXfBuhyjp6i2oPPZMpj1gmbgfQecU7mHGFc,True,True,181877892,,received
polkadot,0x54c937e61493c4741b73dc29b0fd29c9478958cb051a1fbdb6c04c8a4b2d7a81,24528795-2,24528795,1738332858,2025-01-31,2025-01-31T15:14:18,xcmpallet,reserve_transfer_assets,xcmpallet.reserve_transfer_assets,1BoZkACFpaidgqHHTtA4rVaKSYXcf4ejR4goo46CTq9r5uf,True,True,181877892,,received
polkadot,0xcfbd50e9842dca7684ddf929758e6cd9187f4f6fa6c643d211f24ef48ed09286,24528736-2,24528736,1738332504,2025-01-31,2025-01-31T15:08:24,xcmpallet,limited_reserve_transfer_assets,xcmpallet.limited_reserve_transfer_assets,1BoZkACFpaidgqHHTtA4rVaKSYXcf4ejR4goo46CTq9r5uf,True,True,182877892,,received
polkadot,0xa5d2f28111ee08171e52fb48f6b8da376d3cd3b24e91b7be86f6bd9b8b1986ec,24528705-4,24528705,1738332318,2025-01-31,2025-01-31T15:05:18,xcmpallet,limited_reserve_transfer_assets,xcmpallet.limited_reserve_transfer_assets,13jEAkrJmjQNoPTrBdftEz67rsoAwGx6EJwAYL8vTpeV4PvJ,True,True,192877892,,received
polkadot,0xe7f14dec9215bdd6b04e143872c53c03db28087920b0f446ad977b23b1fd7026,24528694-5,24528694,1738332252,2025-01-31,2025-01-31T15:04:12,xcmpallet,limited_reserve_transfer_assets,xcmpallet.limited_reserve_transfer_assets,16X6ZMJNTD7JYDHUC2Gs2DTGVk1egwi4sdmszU1DrvFT5yTk,True,True,169877892,,received
polkadot,0x839dc984430d5ffc4a673d5638f27ad9f932673c06e827fffd4f1f6b122c225b,24528694-4,24528694,1738332252,2025-01-31,2025-01-31T15:04:12,xcmpallet,limited_reserve_transfer_assets,xcmpallet.limited_reserve_transfer_assets,13b6hRRYPHTxFzs9prvL2YGHQepvd4YhdDb9Tc7khySp3hMN,True,True,182877892,,received
polkadot,0x5f32c3ac4ea12bb624bdadb1e90e138520d27d5b302ff620dfa634de2d681817,24528593-2,24528593,1738331634,2025-01-31,2025-01-31T14:53:54,xcmpallet,reserve_transfer_assets,xcmpallet.reserve_transfer_assets,1BoZkACFpaidgqHHTtA4rVaKSYXcf4ejR4goo46CTq9r5uf,True,True,180877892,,received
polkadot,0x75f2e87f6d7307ee16e9d78a69f87444f4129d5aea1b3d947440925d24126c73,24528408-3,24528408,1738330524,2025-01-31,2025-01-31T14:35:24,xcmpallet,limited_reserve_transfer_assets,xcmpallet.limited_reserve_transfer_assets,1nfGcWW6mVeVLQBAekc2oYkQ9QN1b2UFt4J9YGm5v7WrnUH,True,True,181877892,,received
polkadot,0x49c5fd104645ed121a2f24e2a85a5b295a3dcbc32f401d4461628b4d4c712b15,24528379-2,24528379,1738330350,2025-01-31,2025-01-31T14:32:30,xcmpallet,limited_reserve_transfer_assets,xcmpallet.limited_reserve_transfer_assets,14EAEgGrbX3KCgyjBZRyB5qgYpuFHLB5AC8TX7hYLPRT1YPN,True,True,182877892,,received
polkadot,0x959c330a138c473fceb9a70bb57b1feede137a62ab53dc496f788e304c2a74da,24528348-2,24528348,1738330164,2025-01-31,2025-01-31T14:29:24,xcmpallet,limited_reserve_transfer_assets,xcmpallet.limited_reserve_transfer_assets,14wyzJLVcCvjXcBnB4DTYvtbobmri5fjAQQKwaRA3JeCxLos,True,True,182877892,,received
polkadot,0xffd0e2911b53f26ece1f5a4b35c4a412d8fb242c2793dbf9e73a5c902eecf0f9,24528327-2,24528327,1738330038,2025-01-31,2025-01-31T14:27:18,xcmpallet,limited_reserve_transfer_assets,xcmpallet.limited_reserve_transfer_assets,135ojrGGhC8HasSLXUQERkQeyws31T6vWvH2UpckHGhEy3ku,True,True,182877892,,received
polkadot,0x75a2aed2abcbac8112c0f8547402c8e88f9347a9ca4949f06eef4d2911b02c26,24528286-3,24528286,1738329786,2025-01-31,2025-01-31T14:23:06,xcmpallet,reserve_transfer_assets,xcmpallet.reserve_transfer_assets,121C8Zq31JuqtUsgVKwZzah1sDTKWh1eMLg5AgvZ6pSyVu5L,True,True,180877892,,received
polkadot,0x40aa7d25cdf9040d83116d46ebb5025509810a37a42c59b393fc7f5fa1ebafff,24528242-2,24528242,1738329516,2025-01-31,2025-01-31T14:18:36,xcmpallet,limited_reserve_transfer_assets,xcmpallet.limited_reserve_transfer_assets,12jN7SYpqxhAnQhs8nNkoxE9fL1w255uLnvsPihMdjEhjgVY,True,True,182877892,,received
polkadot,0x06119ebcdb0043860bdefacd0eab4ffb74517da7f6ae9a01b67833598fd2ad98,24528187-3,24528187,1738329180,2025-01-31,2025-01-31T14:13:00,xcmpallet,limited_reserve_transfer_assets,xcmpallet.limited_reserve_transfer_assets,1q4uh3h2bR9wjAYtk7DLerEu3LLpha7uJhR1nfGPwyT5Zij,True,True,192877892,,received
polkadot,0xc3c292ea6d21fcd788e882ce1ba2fad969295b47c2f4837f0542197d4d1f56fd,24528165-2,24528165,1738329048,2025-01-31,2025-01-31T14:10:48,xcmpallet,limited_reserve_transfer_assets,xcmpallet.limited_reserve_transfer_assets,14czaNuMmwRBep6BMZoxoru8E2sdQ5ptd8zhYhvqPkXHxGn8,True,True,181877892,,received
polkadot,0xf08c0e7048d10a7b7718d3baf93cd6c97fa388a06d91f656c37b1a75aaef0e01,24528125-2,24528125,1738328808,2025-01-31,2025-01-31T14:06:48,xcmpallet,limited_reserve_transfer_assets,xcmpallet.limited_reserve_transfer_assets,12YpxYMyA19CYStBPpQte8qJwAWPAZ7Q1es7gSmwKDsFWTLX,True,True,192877892,,received
polkadot,0x7652d2a18181ee7016cc7e77f193ab29f6fe5ccb2684a136031c1cde47de4088,24528123-2,24528123,1738328796,2025-01-31,2025-01-31T14:06:36,xcmpallet,limited_reserve_transfer_assets,xcmpallet.limited_reserve_transfer_assets,12YpxYMyA19CYStBPpQte8qJwAWPAZ7Q1es7gSmwKDsFWTLX,True,True,192877892,,received
polkadot,0x428d900cf193db75737038360cfa12c51539f6c560b9eb264764d39813f5266d,24528121-4,24528121,1738328784,2025-01-31,2025-01-31T14:06:24,xcmpallet,limited_reserve_transfer_assets,xcmpallet.limited_reserve_transfer_assets,12YpxYMyA19CYStBPpQte8qJwAWPAZ7Q1es7gSmwKDsFWTLX,True,True,192877892,,received
polkadot,0x1f4012f258c5be96bf2377fdc3f287b68e73268c3b07683937d85b4e3507642d,24528079-4,24528079,1738328526,2025-01-31,2025-01-31T14:02:06,xcmpallet,limited_reserve_transfer_assets,xcmpallet.limited_reserve_transfer_assets,15MybcwPaSFWHyiceEXH8aL1hMimGC19DKy5q4Ksbgbeke57,True,True,181877892,,received
polkadot,0x8a6dec66586253960c6905b020d732ff9f111b4715877d45706307936f1e4ab3,24528027-3,24528027,1738328214,2025-01-31,2025-01-31T13:56:54,xcmpallet,limited_reserve_transfer_assets,xcmpallet.limited_reserve_transfer_assets,14czaNuMmwRBep6BMZoxoru8E2sdQ5ptd8zhYhvqPkXHxGn8,True,True,180877892,,received
polkadot,0x242872a7df9b4a3dce99ce54ad2b3b3a8cf5125905dda21b52331a1dbd46dd9d,24528008-4,24528008,1738328100,2025-01-31,2025-01-31T13:55:00,xcmpallet,limited_reserve_transfer_assets,xcmpallet.limited_reserve_transfer_assets,13b9d23v1Hke7pcVk8G4gh3TBckDtrwFZUnqPkHezq4praEY,True,True,182877892,,received
polkadot,0x50324237f8a441d376f09f71691cc3783b45440185db275cf9d08f10700314b5,24527977-3,24527977,1738327914,2025-01-31,2025-01-31T13:51:54,xcmpallet,limited_reserve_transfer_assets,xcmpallet.limited_reserve_transfer_assets,15dBApZW6fpbo1XrnmVsV9rVRDtn33Fm7XXQ46z6QbxGkb23,True,True,182877892,,received
polkadot,0x385d1199fa5d4bb846bd16f1fc2417643ea6dba8e5437c2ce6e29cd846bc4cca,24527881-2,24527881,1738327338,2025-01-31,2025-01-31T13:42:18,xcmpallet,limited_reserve_transfer_assets,xcmpallet.limited_reserve_transfer_assets,13ScHjzTvaUJML5sEcqvCd2g6Jg4qpRi2TBfcX9yfVj1zunp,True,True,181877892,,received
polkadot,0x95d7ad74dd7f29c91781d65f914b22cb6cc3a74d87f6227aca483c47101b761f,24527792-2,24527792,1738326804,2025-01-31,2025-01-31T13:33:24,xcmpallet,limited_reserve_transfer_assets,xcmpallet.limited_reserve_transfer_assets,15SJih1KZ9ftww8gv4FE17HLWXywoBXDQmDeq4v2aVQ6KaRw,True,True,182877892,,received
polkadot,0xa80346d2e37dc8e2bbd40eea5d1e9357ef29cad7c27e6ce276d38241937b9cc9,24527757-3,24527757,1738326594,2025-01-31,2025-01-31T13:29:54,xcmpallet,limited_reserve_transfer_assets,xcmpallet.limited_reserve_transfer_assets,16esbZbZ57DX58Afa3L1EHcL4ECrtA77FemP7Wm3S7a3jf3h,True,True,183877892,,received
polkadot,0x78a290d243f4e60f93a64ca93466cad237cdbcfd846a3d3cb5ad633876d1efa2,24527659-8,24527659,1738326006,2025-01-31,2025-01-31T13:20:06,xcmpallet,reserve_transfer_assets,xcmpallet.reserve_transfer_assets,13j5BMKt3hmyS769A1QMwszRNQ6hpvXpcP4QjSw25ReQuwHA,True,True,180877892,,received
polkadot,0x365cdce778dd172822c7b5aaa6238a46e20c5e19ca289face7b803ea3640c8a7,24527572-2,24527572,1738325484,2025-01-31,2025-01-31T13:11:24,xcmpallet,limited_reserve_transfer_assets,xcmpallet.limited_reserve_transfer_assets,14aNdbS1SCNYm7swFyCA3PMA5tLHGFZCsr7Qvs12i2WfV7kN,True,True,182877892,,received
polkadot,0xee41d9ebb45466d0c6cc97cfd51add1005139baa6e1b835c97f909498a7f67bd,24527557-2,24527557,1738325394,2025-01-31,2025-01-31T13:09:54,xcmpallet,limited_reserve_transfer_assets,xcmpallet.limited_reserve_transfer_assets,14aNdbS1SCNYm7swFyCA3PMA5tLHGFZCsr7Qvs12i2WfV7kN,True,True,182877892,,received
polkadot,0x06c457a846e9eff6368c4600bd6f31ee8fd8d245322476a2ee17b964d421701e,24527440-2,24527440,1738324686,2025-01-31,2025-01-31T12:58:06,xcmpallet,limited_reserve_transfer_assets,xcmpallet.limited_reserve_transfer_assets,13zGzFdxkfYzYZVBoKEtnbGWkqJNHBCm4SvkVLLB7qbEXfqc,True,True,181877892,,received
polkadot,0x0d94400fd5e026121f75f53019f98afed6aab78e11837baaaaeff42f56029de2,24527372-2,24527372,1738324272,2025-01-31,2025-01-31T12:51:12,xcmpallet,limited_teleport_assets,xcmpallet.limited_teleport_assets,1BygNiKxzMNNFEuGwwAAHmyasFXgP1WY3tA3uuVfsbNi4FM,True,True,180896219,,received
polkadot,0xc1d94fcbbc8d2a656db2c9877eb772fe8c0628b8bde3789e465f4306fd25046e,24527325-3,24527325,1738323990,2025-01-31,2025-01-31T12:46:30,xcmpallet,limited_reserve_transfer_assets,xcmpallet.limited_reserve_transfer_assets,13zGzFdxkfYzYZVBoKEtnbGWkqJNHBCm4SvkVLLB7qbEXfqc,True,True,181877892,,received
polkadot,0xfec9cdb7b190185bcb19155b82151cef540b0acf17ecc7ce6d07f0cddd75acf2,24527309-2,24527309,1738323894,2025-01-31,2025-01-31T12:44:54,xcmpallet,limited_reserve_transfer_assets,xcmpallet.limited_reserve_transfer_assets,16V5cqZAd7en1LbQqeTyUki2pfuB3iAM3ooragPHXjMqf5hv,True,True,181877892,,received
polkadot,0xd0b474e3e796f89ce832d1f6c3d4a6ee740b11c5f96b0b4138d059c212ed54e1,24527300-2,24527300,1738323840,2025-01-31,2025-01-31T12:44:00,xcmpallet,limited_reserve_transfer_assets,xcmpallet.limited_reserve_transfer_assets,14wZ4e9BfF2RFNNzo3Pvjn2zAt2qfA8LjiT7ZVvCsXSgDp1f,True,True,169877892,,received
polkadot,0xa0fa720189abc60b3c878c158e56ec36944be8ff5020e300a317f758cb8a7883,24527291-2,24527291,1738323780,2025-01-31,2025-01-31T12:43:00,xcmpallet,limited_reserve_transfer_assets,xcmpallet.limited_reserve_transfer_assets,14tEhRAvk137TQf5LY1yt2UKkprYHEssAow4Be9iV9Zus4D,True,True,169877892,,received
polkadot,0x7da972968d94898cd2bf8345aca75b77b17e52b01ba87a8ba86b2dcb92e701b7,24527258-2,24527258,1738323582,2025-01-31,2025-01-31T12:39:42,xcmpallet,limited_reserve_transfer_assets,xcmpallet.limited_reserve_transfer_assets,15SVnGbeCgAabg9yQR9n8K5yBHjcLksBP28g2hpkjX7z2JqA,True,True,180877892,,received
polkadot,0x91ff9fa94f34a04ceea28eb2bb4c6937ba2223fffd7e9f87d1b542c9305a7bb9,24527246-2,24527246,1738323510,2025-01-31,2025-01-31T12:38:30,xcmpallet,limited_reserve_transfer_assets,xcmpallet.limited_reserve_transfer_assets,156KUjbfLGbbMxxQNdQmBic1er7kEmmJjJn1tCzVrqrRiG9v,True,True,182877892,,received
polkadot,0x3c1a4621184a3d39e273b2f11e64ec10d6957758d2d94f2ad55b35f113f4739a,24527227-5,24527227,1738323390,2025-01-31,2025-01-31T12:36:30,xcmpallet,limited_reserve_transfer_assets,xcmpallet.limited_reserve_transfer_assets,12YpxYMyA19CYStBPpQte8qJwAWPAZ7Q1es7gSmwKDsFWTLX,False,True,192877892,,failed
polkadot,0x20fee59b7c0e74472c02d2288972fbcddfaf3fd95d0ca4e55828564af217cd49,24527227-4,24527227,1738323390,2025-01-31,2025-01-31T12:36:30,xcmpallet,limited_reserve_transfer_assets,xcmpallet.limited_reserve_transfer_assets,12YpxYMyA19CYStBPpQte8qJwAWPAZ7Q1es7gSmwKDsFWTLX,True,True,192877892,,received
polkadot,0x89cd626a9916fcd212452285b02eca76ebbfa3b6dd5c7022336a1b77c34c9972,24527225-2,24527225,1738323372,2025-01-31,2025-01-31T12:36:12,xcmpallet,limited_reserve_transfer_assets,xcmpallet.limited_reserve_transfer_assets,12YpxYMyA19CYStBPpQte8qJwAWPAZ7Q1es7gSmwKDsFWTLX,True,True,192877892,,received
polkadot,0xe883205bd5696a9df24d41fb539b67ea8daae3ba0d71075d38b657f83a70d267,24527224-3,24527224,1738323366,2025-01-31,2025-01-31T12:36:06,xcmpallet,limited_reserve_transfer_assets,xcmpallet.limited_reserve_transfer_assets,12YpxYMyA19CYStBPpQte8qJwAWPAZ7Q1es7gSmwKDsFWTLX,True,True,192877892,,received
polkadot,0x8664a9b80501bff581d52b68021f8f1590d28201df01dab7ebdcf90ad40f03ca,24527135-2,24527135,1738322832,2025-01-31,2025-01-31T12:27:12,xcmpallet,limited_reserve_transfer_assets,xcmpallet.limited_reserve_transfer_assets,15JzVrjdL7H64RVAVaoxeJgjEHuqxh4bFWMizX7VqpnurmHx,True,True,182877892,,received
polkadot,0x0920a0a99fcd19747d337b6a9fc0fe7aa8236c95cd5ca947986f198824e796bb,24527103-2,24527103,1738322640,2025-01-31,2025-01-31T12:24:00,xcmpallet,limited_teleport_assets,xcmpallet.limited_teleport_assets,15JzVrjdL7H64RVAVaoxeJgjEHuqxh4bFWMizX7VqpnurmHx,True,True,182896219,,received
polkadot,0xa86eb4e2e01a1c862bbe977ed4c47cf770901dc19fd89e4e6aa9baa5a7038387,24527073-2,24527073,1738322460,2025-01-31,2025-01-31T12:21:00,xcmpallet,limited_reserve_transfer_assets,xcmpallet.limited_reserve_transfer_assets,12YpxYMyA19CYStBPpQte8qJwAWPAZ7Q1es7gSmwKDsFWTLX,True,True,192877892,,received
polkadot,0xa79a51460856e8cb2ddf3afa8c6648f7cd78efcbbcdcf35c57af40a919b2efe3,24527071-2,24527071,1738322448,2025-01-31,2025-01-31T12:20:48,xcmpallet,limited_reserve_transfer_assets,xcmpallet.limited_reserve_transfer_assets,12YpxYMyA19CYStBPpQte8qJwAWPAZ7Q1es7gSmwKDsFWTLX,True,True,192877892,,received
polkadot,0x7088c947dc9b869b0036d7fbc8c9f241ccd84f8a875f6432718bf8ee27db8036,24527069-2,24527069,1738322436,2025-01-31,2025-01-31T12:20:36,xcmpallet,limited_reserve_transfer_assets,xcmpallet.limited_reserve_transfer_assets,12YpxYMyA19CYStBPpQte8qJwAWPAZ7Q1es7gSmwKDsFWTLX,True,True,192877892,,received
polkadot,0x6d6bdda0b9a97a2d94194a370ef4577cbf20d66af564f8d984270cc2a2b771cd,24527068-2,24527068,1738322430,2025-01-31,2025-01-31T12:20:30,xcmpallet,limited_reserve_transfer_assets,xcmpallet.limited_reserve_transfer_assets,12YpxYMyA19CYStBPpQte8qJwAWPAZ7Q1es7gSmwKDsFWTLX,True,True,193877892,,received
polkadot,0xfc77ab18698771ae49ba8afe60eff7b50e5352678a9eec10ca08d4abc07bb660,24527066-4,24527066,1738322418,2025-01-31,2025-01-31T12:20:18,xcmpallet,limited_reserve_transfer_assets,xcmpallet.limited_reserve_transfer_assets,15JzVrjdL7H64RVAVaoxeJgjEHuqxh4bFWMizX7VqpnurmHx,True,True,182877892,,received
polkadot,0x6b1cb33767614b7c38715afe82bcc0d96da0920ce9ff4aa0f7210f636d9eee8f,24527011-2,24527011,1738322082,2025-01-31,2025-01-31T12:14:42,xcmpallet,limited_reserve_transfer_assets,xcmpallet.limited_reserve_transfer_assets,1467x5k17Z7cTLtGjfUkYkvdt8PthVoRWbpGX4mXA84AnzSG,True,True,182877892,,received
polkadot,0x0d43c47526ef071efae8f6fa484e8e45eb73709c9e1f544fdf8ee6ed2b8d2606,24526947-2,24526947,1738321698,2025-01-31,2025-01-31T12:08:18,xcmpallet,limited_reserve_transfer_assets,xcmpallet.limited_reserve_transfer_assets,16Pg3JuXaTzbCvD4x56kwRQcQhsn2YF7gBN6AhPVs4jAeUn4,True,True,181877892,,received
polkadot,0xd435c1aebee5788157ec1ddf99bea503d0b461e774d96d781dbb75f4fe56734c,24526930-4,24526930,1738321596,2025-01-31,2025-01-31T12:06:36,xcmpallet,limited_reserve_transfer_assets,xcmpallet.limited_reserve_transfer_assets,16Pg3JuXaTzbCvD4x56kwRQcQhsn2YF7gBN6AhPVs4jAeUn4,True,True,181877892,,received
polkadot,0x790842c9d821c103f5776946263f054ca36ab047b3bd96774f3f2b85a0257809,24526914-2,24526914,1738321500,2025-01-31,2025-01-31T12:05:00,xcmpallet,limited_teleport_assets,xcmpallet.limited_teleport_assets,16J5xS4MMc4nsox8fdRrJKcYtoKQGB4fDttWrBk9PXw6SHe8,True,True,181896219,,received
polkadot,0x63d5cfa216a84b473cd28f151af2f144fda075a93916dbc937192fa4aa17f7a3,24526898-2,24526898,1738321404,2025-01-31,2025-01-31T12:03:24,xcmpallet,limited_teleport_assets,xcmpallet.limited_teleport_assets,16J5xS4MMc4nsox8fdRrJKcYtoKQGB4fDttWrBk9PXw6SHe8,True,True,181896219,,received
polkadot,0xf4b4bb207ded8ef81d6cfb1c1c623578eac9ec9d1f3a6d1bde440b2f37528698,24526808-2,24526808,1738320864,2025-01-31,2025-01-31T11:54:24,xcmpallet,limited_reserve_transfer_assets,xcmpallet.limited_reserve_transfer_assets,16Pg3JuXaTzbCvD4x56kwRQcQhsn2YF7gBN6AhPVs4jAeUn4,True,True,181877892,,received
polkadot,0x1268593a690bf36305ffab840aad7b3b07396c3711e88999c8c2c18173c4025d,24526803-3,24526803,1738320834,2025-01-31,2025-01-31T11:53:54,xcmpallet,limited_reserve_transfer_assets,xcmpallet.limited_reserve_transfer_assets,16ktDbUu9UCk8sEUgBw2T3rvGupe4EpGiaCB9RNeY6NJ7N42,True,True,182877892,,received
polkadot,0xa2daacde025460012a94bb5bf79b40af9bb66d957e9262a72f8677ca5536911d,24526521-3,24526521,1738319124,2025-01-31,2025-01-31T11:25:24,xcmpallet,reserve_transfer_assets,xcmpallet.reserve_transfer_assets,14fs927rEeva829oZad8UXg6o8hFUyZWjs9qb9YDETBoSGM8,True,True,180877892,,received
polkadot,0x897c3dc1146eb1c2c0733b5a9f1aa2ea57e222348126815dfd861176ef88aaec,24526489-2,24526489,1738318932,2025-01-31,2025-01-31T11:22:12,xcmpallet,limited_reserve_transfer_assets,xcmpallet.limited_reserve_transfer_assets,13b6hRRYPHTxFzs9prvL2YGHQepvd4YhdDb9Tc7khySp3hMN,True,True,182877892,,received
polkadot,0xf9bd9037ae3d46c011ad68a833d852105403e7af0360057ea19fbb8e8c08b8e7,24526487-2,24526487,1738318920,2025-01-31,2025-01-31T11:22:00,xcmpallet,reserve_transfer_assets,xcmpallet.reserve_transfer_assets,1FLVb71zfPXmbtiPZUsfqeokiyu4hNc4gcWv7H4quJmTYTJ,True,True,182877892,,received
